에티오피아 테스트 G1,22000,에티오피아,GSC,https://www.gsc.com
인도네시아 테스트 G1,22000,인도네시아,GSC,https://www.gsc.com
에티오피아 테스트,22000,에티오피아,GSC,https://www.gsc.com
코스타리카 테스트,22000,코스타리카,GSC,https://www.gsc.com
케냐 테스트,22000,케냐,GSC,https://www.almacielo.com
인도네시아 테스트 G1,22000,인도네시아,almacielo,https://www.almacielo.com
에티오피아 테스트 G1,22000,에티오피아,almacielo,https://www.almacielo.com
코스타리카 테스트 G2,22000,코스타리카,GSC,https://www.gsc.com
에티오피아 테스트 G2,12200,에티오피아,beans talk,https://www.beans talk.com
인도네시아 테스트 G2,11900,인도네시아,beans talk,https://www.beans talk.com
에티오피아 테스트 G2,11900,에티오피아,beans talk,https://www.beans talk.com
콜롬비아 테스트 G1,11900,콜롬비아,SCSS,https://www.SCSS.com
에티오피아 테스트 G1,22000,에티오피아,almacielo,https://www.almacielo.com
코스타리카 테스트 G1,22000,코스타리카,GSC,https://www.gsc.com
에티오피아 테스트 G1,22000,에티오피아,beans talk,https://www.beans talk.com
인도 테스트 G1,22000,인도,beans talk,https://www.beans talk.com
에티오피아 테스트 G1,22000,에티오피아,beans talk,https://www.beans talk.com
콜롬비아 테스트 G1,22000,콜롬비아,SCSS,https://www.SCSS.com
에티오피아 테스트 G1,14000,에티오피아,almacielo,https://www.almacielo.com
코스타리카 테스트 G1,22000,코스타리카,GSC,https://www.gsc.com
에티오피아 테스트 AAA,22000,에티오피아,beans talk,https://www.beans talk.com
브라질 테스트 AAA,9000,브라질,beans talk,https://www.beans talk.com
에티오피아 테스트 G1,22000,에티오피아,beans talk,https://www.beans talk.com
콜롬비아 테스트 G1,22000,콜롬비아,SCSS,https://www.SCSS.com
브룬드 테스트 G1,22000,브룬드,beans talk,https://www.beans talk.com
브룬디 테스트 G1,22000,브룬디,beans talk,https://www.beans talk.com
에티오피아 테스트 G1,22000,에티오피아,beans talk,https://www.beans talk.com
콜롬비아 테스트 G1,22000,콜롬비아,SCSS,https://www.SCSS.com
에티오피아 테스트 G1,14000,에티오피아,almacielo,https://www.almacielo.com
코스타리카 테스트 G1,22000,코스타리카,GSC,https://www.gsc.com
하와이 코나 테스트 AAA,22000,하와이 코나,beans talk,https://www.beans talk.com
인도네시아 테스트 AAA,22000,인도네시아,beans talk,https://www.beans talk.com
에티오피아 구지 모모라 테스트 G1,22000,에티오피아 구지 모모라,beans talk,https://www.beans talk.com
콜롬비아 테스트 G1,22000,콜롬비아,SCSS,https://www.SCSS.com