GSC,아시아&기타,https://www.gsc.coffee/goods/goods_list.php?cateCd=010,[인도] 예르카두 ERG 아나에어로빅 내추럴
GSC,아시아&기타,https://www.gsc.coffee/goods/goods_list.php?cateCd=010,[인도네시아] G1 만델링 가요마운틴 다링
GSC,아시아&기타,https://www.gsc.coffee/goods/goods_list.php?cateCd=010,[파푸아 뉴기니] A 시그리 지와카 풀리 워시드
GSC,아시아&기타,https://www.gsc.coffee/goods/goods_list.php?cateCd=010,[하와이] 엑스트라 팬시 코나 코나힐즈 팜
GSC,아시아&기타,https://www.gsc.coffee/goods/goods_list.php?cateCd=010,[인도네시아] G1 만델링 TP 바투
GSC,아시아&기타,https://www.gsc.coffee/goods/goods_list.php?cateCd=010,[인도네시아] G1 만델링
GSC,아시아&기타,https://www.gsc.coffee/goods/goods_list.php?cateCd=010,[인도네시아] G1 만델링 가요마운틴 위 페삼
GSC,아시아&기타,https://www.gsc.coffee/goods/goods_list.php?cateCd=010,[베트남] 로부스타 G1 폴리쉬드
GSC,아시아&기타,https://www.gsc.coffee/goods/goods_list.php?cateCd=010,[베트남] 로부스타 G1 사이공 하마 웻 폴리쉬드
GSC,아시아&기타,https://www.gsc.coffee/goods/goods_list.php?cateCd=010,[인도] 로부스타 A 카피 로얄
GSC,아시아&기타,https://www.gsc.coffee/goods/goods_list.php?cateCd=010,[예멘] 모카 마타리 알 함다니
GSC,아시아&기타,https://www.gsc.coffee/goods/goods_list.php?cateCd=010,[과테말라] SHB 스위스 워터 디카페인
GSC,아시아&기타,https://www.gsc.coffee/goods/goods_list.php?cateCd=010,[콜롬비아] 수프리모 스위스 워터 디카페인
GSC,아시아&기타,https://www.gsc.coffee/goods/goods_list.php?cateCd=010,[브라질] NY2/3 스위스 워터 디카페인
GSC,중남미,https://www.gsc.coffee/goods/goods_list.php?cateCd=001,[엘살바도르] SHG EP★지대한정★
GSC,중남미,https://www.gsc.coffee/goods/goods_list.php?cateCd=001,[파나마] SHB 산타클라라★지대한정★
GSC,중남미,https://www.gsc.coffee/goods/goods_list.php?cateCd=001,[에콰도르] SHG SC15up 안데스 마운틴 풀리 워시드★한글날기념★
GSC,중남미,https://www.gsc.coffee/goods/goods_list.php?cateCd=001,[에콰도르] SHG SC15up 갈라파고스 아일랜드 볼카닉 풀리 워시드
GSC,중남미,https://www.gsc.coffee/goods/goods_list.php?cateCd=001,[코스타리카] SHB EP 라 로사 워시드
GSC,중남미,https://www.gsc.coffee/goods/goods_list.php?cateCd=001,[콜롬비아] 수프리모 발레나토 열대우림동맹인증
GSC,중남미,https://www.gsc.coffee/goods/goods_list.php?cateCd=001,[과테말라] SHB EP 라 에르모사 게이샤 아나에어로빅 풀리 워시드★SALE★
GSC,중남미,https://www.gsc.coffee/goods/goods_list.php?cateCd=001,[파나마] [새비지 옥션 2020] 핀카 데보라 오쿨루스 게이샤 와인 배럴 에이지드★SALE★
GSC,중남미,https://www.gsc.coffee/goods/goods_list.php?cateCd=001,[파나마] [새비지 옥션 2020] 핀카 데보라 일루미내이션 게이샤 카보닉 매서레이티드 워시드★SALE★
GSC,중남미,https://www.gsc.coffee/goods/goods_list.php?cateCd=001,[코스타리카] SHB EP 따라주
GSC,중남미,https://www.gsc.coffee/goods/goods_list.php?cateCd=001,[과테말라] [산타 펠리사] SHB EP 블루 다이아몬드 풀리 워시드
GSC,중남미,https://www.gsc.coffee/goods/goods_list.php?cateCd=001,[과테말라] [산타 펠리사] SHB EP 블루 다이아몬드 내추럴★한글날기념★
GSC,중남미,https://www.gsc.coffee/goods/goods_list.php?cateCd=001,[콜롬비아] 수프리모 후일라 피탈리토
GSC,중남미,https://www.gsc.coffee/goods/goods_list.php?cateCd=001,[브라질] NY2 FC 17/18 세하도 램프
GSC,중남미,https://www.gsc.coffee/goods/goods_list.php?cateCd=001,[브라질] NY2 FC 옐로우 버번
GSC,중남미,https://www.gsc.coffee/goods/goods_list.php?cateCd=001,[콜롬비아] 핀카 부에노스 아이레스 카스티요 더블 아나에어로빅 내추럴★한정세일★
GSC,중남미,https://www.gsc.coffee/goods/goods_list.php?cateCd=001,[콜롬비아] 핀카 비야라소 핑크 버번 더블 아나에어로빅 내추럴
GSC,중남미,https://www.gsc.coffee/goods/goods_list.php?cateCd=001,[콜롬비아] 핀카 비야 베툴리아 핑크 버번 아나에어로빅 워시드
GSC,중남미,https://www.gsc.coffee/goods/goods_list.php?cateCd=001,[콜롬비아] 핀카 라 레오나 카스티요 아나에어로빅 내추럴 (만다린)
GSC,중남미,https://www.gsc.coffee/goods/goods_list.php?cateCd=001,[과테말라] SHB 안티구아
GSC,중남미,https://www.gsc.coffee/goods/goods_list.php?cateCd=001,[브라질] NY2 FC 16up 옐로우 버번 파젠다 산타 알리나 펄프드 내추럴
GSC,중남미,https://www.gsc.coffee/goods/goods_list.php?cateCd=001,[페루] SHB EP 찬차마요
GSC,중남미,https://www.gsc.coffee/goods/goods_list.php?cateCd=001,[과테말라] SHB 후에후에테낭고
GSC,중남미,https://www.gsc.coffee/goods/goods_list.php?cateCd=001,[콜롬비아] 수프리모 메델린
GSC,아프리카,https://www.gsc.coffee/goods/goods_list.php?cateCd=002,[에티오피아] G1 예가체프 첼바 내추럴
GSC,아프리카,https://www.gsc.coffee/goods/goods_list.php?cateCd=002,[케냐] AA TOP 키린야가 카리아
GSC,아프리카,https://www.gsc.coffee/goods/goods_list.php?cateCd=002,[에티오피아] G2 시다모 다라 워시드
GSC,아프리카,https://www.gsc.coffee/goods/goods_list.php?cateCd=002,[에티오피아] G2 구지 케르차 워시드
GSC,아프리카,https://www.gsc.coffee/goods/goods_list.php?cateCd=002,[에티오피아] G2 구지 케르차 내추럴
GSC,아프리카,https://www.gsc.coffee/goods/goods_list.php?cateCd=002,[케냐] AA FAQ
GSC,아프리카,https://www.gsc.coffee/goods/goods_list.php?cateCd=002,[케냐] AA 마사이
GSC,아프리카,https://www.gsc.coffee/goods/goods_list.php?cateCd=002,[에티오피아] G2 예가체프 코체레 워시드
GSC,아프리카,https://www.gsc.coffee/goods/goods_list.php?cateCd=002,[에티오피아] G1 벤치 마지 모리타 팜 워시드
GSC,아프리카,https://www.gsc.coffee/goods/goods_list.php?cateCd=002,[에티오피아] G1 예가체프 겔라나 아바야 워시드
GSC,아프리카,https://www.gsc.coffee/goods/goods_list.php?cateCd=002,[에티오피아] [프라이드 오브 게샤 옥션 2021] G1 일루바볼 포레스트 게이리 내추럴
GSC,아프리카,https://www.gsc.coffee/goods/goods_list.php?cateCd=002,[케냐] AA TOP 무랑가 칸기리
GSC,아프리카,https://www.gsc.coffee/goods/goods_list.php?cateCd=002,[케냐] AA FAQ 니에리 지아칸자
GSC,아프리카,https://www.gsc.coffee/goods/goods_list.php?cateCd=002,[케냐] PB TOP 키린야가 카리아
GSC,아프리카,https://www.gsc.coffee/goods/goods_list.php?cateCd=002,[에티오피아] G1 단세 모모라 내추럴
GSC,아프리카,https://www.gsc.coffee/goods/goods_list.php?cateCd=002,[에티오피아] G1 예가체프 코체레 리그레코 스펙 내추럴
GSC,아프리카,https://www.gsc.coffee/goods/goods_list.php?cateCd=002,[에티오피아] G2 예가체프 두메르소 워시드 (Grain pro)
GSC,아프리카,https://www.gsc.coffee/goods/goods_list.php?cateCd=002,[에티오피아] G1 예가체프 코케 허니 내추럴
GSC,아프리카,https://www.gsc.coffee/goods/goods_list.php?cateCd=002,[에티오피아] G1 예가체프 반코 고티티 워시드
GSC,아프리카,https://www.gsc.coffee/goods/goods_list.php?cateCd=002,[에티오피아] G1 구지 우라가 내추럴
GSC,아프리카,https://www.gsc.coffee/goods/goods_list.php?cateCd=002,[에티오피아] G1 예가체프 아다도 내추럴★한글날기념★
GSC,아프리카,https://www.gsc.coffee/goods/goods_list.php?cateCd=002,[탄자니아] AA FAQ 노스 킬리만자로 맘세라
GSC,아프리카,https://www.gsc.coffee/goods/goods_list.php?cateCd=002,[부룬디] 은고지 무부가 A 풀리 워시드
GSC,아프리카,https://www.gsc.coffee/goods/goods_list.php?cateCd=002,[르완다] AB 이심비 풀리 워시드
